排名,创作者,平台,榜单分层,潜力等级,潜力分,粉丝数,平均播放,平均点赞,互动率,稳定度,爆款记录,代表视频,代表视频播放,视频链接,频道链接,Shorts占比,分析信号,字幕关键词,运营观察,数据简评,推荐原因,发布时间
1,BaconBoii,youtube,Tier 1,高,65.04,"7,920","1,834,502","12,442",1.61,38.69,有爆款,Ding Dong Ditch With Friends GONE WRONG💀😭 - ROBLOX ANIMATION #roblox #shorts #robloxanimation,"8,999,529",https://www.youtube.com/watch?v=wn_J3_Kw4h0,https://www.youtube.com/channel/UCcJus0V_eRIRQP88EzWlr0w,是,⚪ 仅基础数据,,BaconBoii短视频爆款吸睛强，但整体播放波动明显，内容节奏快适合动画类游戏推广，稳定性还有提升空间。,近作平均播放相对粉丝数表现突出；互动率一般，潜力等级设上限；去掉爆款后基础盘波动仍偏大；近作存在单条爆款记录；仍处于早期成长阶段；内容以 Shorts 为主，适合短视频合作,值得关注｜频道粉丝数较低但爆款视频播放量极高，短视频内容以Roblox动画为主，短视频形式适合快速传播和用户吸引。 玩家群体｜主要吸引喜欢Roblox动画和短视频内容的年轻玩家，粉丝基础尚小但观看量显示潜在受众广泛。 适合游戏｜适合推广剧情丰富、动画表现力强的Roblox游戏，尤其是适合短视频剪辑展示的内容。 潜力判断｜偏早期，爆款拉动明显但基础播放波动大，粉丝增长和互动率需提升，短视频领域仍有成长空间。,2026-08-31T02:22:16Z
2,Tuấn Anh,youtube,Tier 1,高,27.27,"4,150","51,661",669,1.37,75.03,有爆款,KHI BLOX FRUIT QUAY TRỞI LẠI ROBLOX VNG... SẼ SẢY RA ĐIỀU GÌ??? #roblox,"115,784",https://www.youtube.com/watch?v=w0Il7b56ENU,https://www.youtube.com/channel/UCPTefa609nWA6MhI4A7VKxA,否,⚪ 仅基础数据,,Tuấn Anh内容稳定且聚焦Blox Fruit，适合深度玩法推广，但互动偏低且缺字幕，短期内难以快速激活更广泛用户。,互动率一般，潜力等级设上限；去掉爆款后基础盘播放较稳定；近作存在单条爆款记录；仍处于早期成长阶段,值得关注｜频道粉丝量小但有爆款视频，播放量远超粉丝基数，基础播放稳定，互动率偏低但符合越南市场特征 玩家群体｜主要面向越南Roblox玩家，内容围绕Blox Fruit游戏，用户活跃度中等偏上，偏好长视频和游戏综剪 适合游戏｜适合推广Blox Fruit及其他Roblox动作冒险类游戏，内容风格契合核心玩家需求，适合深度玩法展示 潜力判断｜偏早期，频道增长潜力存在但互动率和字幕缺失限制内容精准度，需关注后续稳定性和内容多样化,2026-08-30T04:51:36Z
3,Sorak Gaming,youtube,Tier 1,中,18.76,"14,000","327,031","4,742",2.4,23.74,有爆款,Pt5: Sheriff round in mm2 - Funny Moment,"1,420,622",https://www.youtube.com/watch?v=tj-PRFL6ToE,https://www.youtube.com/channel/UCmZEJkOwZ01sv6HxR_KNoGA,否,⚪ 仅基础数据,,Sorak Gaming 的内容以幽默射击竞技为主，爆款拉动明显但基础播放波动大，短期内难以形成稳定持续的用户粘性。,近作平均播放相对粉丝数表现突出；互动率一般，潜力等级设上限；去掉爆款后基础盘波动仍偏大；近作存在单条爆款记录,值得关注｜频道粉丝量中等，近5条视频均值播放量高于粉丝数23倍，存在单条爆款，基础播放波动较大，互动率偏低。 玩家群体｜内容围绕《mm2》游戏搞笑片段，受众偏向喜欢射击竞技及幽默短视频的年轻玩家。 适合游戏｜适合射击类、竞技类及带有幽默元素的Roblox游戏推广，内容形式为长视频和综剪。 潜力判断｜偏早期，爆款带动流量明显但基础播放不稳，互动率较低限制成长速度，需观察稳定性提升后再重点跟进。,2026-08-31T00:00:34Z
4,XVInoobme,youtube,Tier 1,中,18.31,"48,000","575,610","3,424",1.21,46.11,有爆款,#independence,"2,569,443",https://www.youtube.com/watch?v=G2yPG7w6iJs,https://www.youtube.com/channel/UC8IWaV_Ef8Wga_iLGKMWKmw,否,⚪ 仅基础数据,,XVInoobme 视频内容偏长且故事性强，适合深度游戏讲解，但粉丝互动和更新稳定性不足，短期内难以形成持续热度。,互动率一般，潜力等级设上限；近作存在单条爆款记录,值得关注｜频道粉丝数中等，近5条视频播放均值高于粉丝数11倍，存在单条播放超250万爆款，互动率1.21%偏低，稳定性一般 玩家群体｜观众活跃度有限，互动率和点赞数反映粉丝粘性一般，内容偏长视频和综剪，用户偏好较为分散 适合游戏｜适合剧情丰富、故事性强的游戏推广，尤其适合需要长视频讲解或展示的游戏类型 潜力判断｜偏早期，频道虽有爆款但整体互动和稳定性不足，且无字幕关键词支持，短期内难以形成持续带量效应,2026-08-30T22:20:13Z
5,playit,youtube,Tier 1,中,16.01,"92,500","1,000,806","12,228",1.35,37.85,,I Super Glued My CLOSET... #roblox #shorts,"2,024,266",https://www.youtube.com/watch?v=G1WdHvZqkiM,https://www.youtube.com/channel/UCBxTpXdYnffF6Ls32EJ8_mg,是,⚪ 仅基础数据,,playit的短视频爆点明显，内容节奏紧凑但稳定性波动较大，适合试水快节奏小游戏推广，需关注后续表现多样化。,互动率一般，潜力等级设上限；去掉爆款后基础盘波动仍偏大；内容以 Shorts 为主，适合短视频合作,值得关注｜频道粉丝数9.25万，短视频播放均值超百万，爆款视频播放破200万，点赞数稳定在1万以上，播放/粉丝比高达10.82，短视频内容表现强劲 玩家群体｜以Roblox短视频观众为主，互动率1.35%一般，粉丝活跃度中等，内容偏向年轻玩家，适合快速吸收信息的用户 适合游戏｜短视频形式适合推广节奏快、玩法直观的Roblox小游戏，尤其是能制造爆点的创意玩法或挑战类内容 潜力判断｜偏早期 + 频道爆款带动明显，基础播放波动较大且互动率一般，短视频合作可试水，但需持续跟踪稳定性和内容多样性,2026-08-30T18:00:32Z
6,iBaconRot,youtube,Tier 1,中,13.08,"14,100","128,160",993,1.21,30.54,有爆款,🤯Lava Wallhop in Roblox Part 5,"399,538",https://www.youtube.com/watch?v=0HjLf2YXN5Q,https://www.youtube.com/channel/UCY4aBy-6KfsQtwWRGtHGR7A,否,⚪ 仅基础数据,,iBaconRot的内容更偏技巧展示，爆款效应明显但播放波动较大，短期内难以稳定增长，适合重点推广高难度玩法项目。,互动率一般，潜力等级设上限；去掉爆款后基础盘波动仍偏大；近作存在单条爆款记录,值得关注｜频道粉丝量中等，播放量远超粉丝数，爆款视频播放接近40万，近期视频播放稳定在13万以上，点赞数和互动率维持在合理水平 玩家群体｜主要面向喜欢Roblox技巧和挑战的玩家，内容以长视频和综剪为主，观众偏向核心游戏玩家和技巧爱好者 适合游戏｜适合推广需要展示高难度操作和技巧的Roblox游戏，尤其是含有挑战性玩法的项目 潜力判断｜偏早期，频道存在爆款但基础播放波动较大，互动率一般且无字幕内容，短期内难以形成稳定粉丝增长,2026-08-30T13:00:17Z
7,Real Pikachu,youtube,Tier 1,中,11.81,"33,400","744,844","15,304",3.55,0.0,有爆款,I Miss Steal A Brainrot #roblox #stealanegg,"2,389,721",https://www.youtube.com/watch?v=gCgclqUqKnc,https://www.youtube.com/channel/UCntWJEiQUlgycNOlmAhQRzg,否,⚪ 仅基础数据,,Real Pikachu内容集中，爆款吸睛但播放波动明显，短期内难以保证稳定回报，适合尝试性合作验证效果。,近作平均播放相对粉丝数表现突出；近作平均互动率较好；去掉爆款后基础盘波动仍偏大；近作存在单条爆款记录,值得关注｜频道粉丝3.3万，近5条视频均值播放74万，播放/粉丝比22.3，互动率3.55%，表现较好但基础盘波动较大，含爆款视频。 玩家群体｜内容聚焦Roblox游戏相关，受众偏向喜欢Steal A Egg等热门游戏的年轻玩家，粉丝活跃度符合目标群体特征。 适合游戏｜适合推广Steal A Egg及类似策略、竞技类Roblox游戏，长视频综剪形式便于深度内容合作。 潜力判断｜偏早期，频道存在爆款但基础播放波动明显，需观察稳定性提升后再加大资源投入。,2026-08-30T19:04:32Z
8,Roblox New gamer,youtube,Tier 1,中,11.51,"13,600","38,492",591,2.05,32.29,有爆款,#dios,"84,626",https://www.youtube.com/watch?v=a6c-dpsSjKc,https://www.youtube.com/channel/UCwEC3G6Umb03qaohs3tS7bw,否,⚪ 仅基础数据,,频道靠爆款视频拉动流量，内容多为长剪辑但整体波动较大，粉丝活跃度不高，短期内难以形成稳定增长节奏。,互动率一般，潜力等级设上限；去掉爆款后基础盘波动仍偏大；近作存在单条爆款记录,值得关注｜频道粉丝数中等，播放量与粉丝比接近3，代表视频有爆款潜质但整体播放波动较大，互动率一般，内容以长视频和综剪为主，适合深度内容推广 玩家群体｜主要面向中度及重度Roblox玩家，偏好观看综合剪辑和长视频内容，互动率显示观众参与度尚可但不高 适合游戏｜适合推广剧情丰富、玩法多样的Roblox游戏，尤其是能产出爆款视频素材的游戏类型，短平快类型内容表现一般 潜力判断｜偏早期，频道基础盘不稳且互动率有限，爆款依赖单条视频，需观察后续内容稳定性和观众粘性提升情况,2026-08-30T12:40:07Z
9,ZyroRoblox,youtube,Tier 1,中,11.31,"24,300","19,738",297,1.04,41.53,,I KEPT ROLLING ON THE RNG MACHINE UNTIL SOMETHING UNEXPECTED HAPPENED... 💀🥶  #roblox #stealabrainrot,"36,258",https://www.youtube.com/watch?v=QqlCofcFICw,https://www.youtube.com/channel/UCGkkbz38jDzRgYl62WYYNtQ,否,⚪ 仅基础数据,,ZyroRoblox 内容风格偏长，随机事件题材有特色，但缺字幕限制了曝光，互动偏低，短期内难以形成爆点。,互动率一般，潜力等级设上限,值得关注｜频道粉丝量中等，播放量稳定在2万左右，代表视频播放和点赞表现较好，但互动率偏低，内容以长视频和综剪为主，缺少字幕支持，影响推荐效果。 玩家群体｜主要面向Roblox游戏爱好者，受众较为集中，粉丝与播放比偏低，说明粉丝活跃度和转化率一般。 适合游戏｜适合推广剧情丰富或有随机元素的Roblox游戏，如RNG机制相关游戏，视频标题和内容与随机事件相关，契合度较高。 潜力判断｜偏早期，频道互动和系统潜力分均不突出，且无字幕限制了算法推荐，短期内难以爆发，需要内容优化和增加互动。,2026-08-30T11:18:18Z
10,HistoxX_Ytb,youtube,Tier 1,中,11.1,"48,400","191,916","7,652",4.48,27.42,有爆款,Kevko est un Scammeur 😱 ? #viral #foryou #trending #kevko #scammer # #roblox #stealabrainrot #funny,"449,165",https://www.youtube.com/watch?v=2doxMATx3j4,https://www.youtube.com/channel/UCW7ssXJi_WQEIei_LNvjxYw,否,⚪ 仅基础数据,,HistoxX_Ytb 的内容靠话题和标题带动爆款，短期能吸引眼球，但播放波动明显，缺少稳定输出和字幕支持，短视频转型或内容深耕是提升关键。,近作平均互动率较好；去掉爆款后基础盘波动仍偏大；近作存在单条爆款记录,值得关注｜频道粉丝4.8万，近5条视频均播放近19万，最高单条爆款播放44万，互动率4.48%，表现中上，播放/粉丝比3.97，说明内容对粉丝吸引力较强 玩家群体｜视频标签多围绕Roblox及相关游戏诈骗话题，观众偏向关注游戏内社交和争议内容的年轻玩家 适合游戏｜适合推广含社交元素、剧情反转或“揭秘”性质的Roblox游戏，尤其是带有争议或话题性的内容更易引爆传播 潜力判断｜偏早期，频道爆款依赖标题和话题噱头，基础播放波动较大，缺少稳定字幕内容支撑，需观察内容稳定性提升情况,2026-08-30T08:00:39Z
